"station_id","name","latitude","longitude","func_capacity","is_renting","is_returning"
144,"Nassau St & Navy St",40.69839895,-73.98068914,58,TRUE,TRUE
501,"FDR Drive & E 35 St",40.744219,-73.97121214,79,TRUE,TRUE
477,"W 41 St & 8 Ave",40.75640548,-73.9900262,71,TRUE,TRUE
369,"Washington Pl & 6 Ave",40.73224119,-74.00026394,60,TRUE,TRUE
492,"W 33 St & 7 Ave",40.75019995,-73.99093085,68,TRUE,TRUE
505,"6 Ave & W 33 St",40.74901271,-73.98848395,52,TRUE,TRUE
2005,"Railroad Ave & Kay Ave",40.70531194,-73.97100056,12,TRUE,TRUE
301,"E 2 St & Avenue B",40.72217444,-73.98368779,58,TRUE,TRUE
482,"W 15 St & 7 Ave",40.73935542,-73.99931783,77,TRUE,TRUE
509,"9 Ave & W 22 St",40.7454973,-74.00197139,61,TRUE,TRUE
3467,"W Broadway & Spring St",40.72494672359416,-74.00165855884552,44,TRUE,TRUE
285,"Broadway & E 14 St",40.73454567,-73.99074142,53,TRUE,TRUE
514,"12 Ave & W 40 St",40.76087502,-74.00277668,52,TRUE,TRUE
519,"Pershing Square North",40.751873,-73.977706,69,TRUE,TRUE
3874,"Menahan St & Seneca Ave",40.70461,-73.91054,16,TRUE,TRUE
83,"Atlantic Ave & Fort Greene Pl",40.68382604,-73.97632328,62,TRUE,TRUE
445,"E 10 St & Avenue A",40.72740794,-73.98142006,79,TRUE,TRUE
3746,"6 Ave & Broome St",40.724308321602166,-74.00473035871983,48,TRUE,TRUE
212,"W 16 St & The High Line",40.74334935,-74.00681753,60,TRUE,TRUE
464,"E 56 St & 3 Ave",40.75934501,-73.96759673,53,TRUE,TRUE
525,"W 34 St & 11 Ave",40.75594159,-74.0021163,56,TRUE,TRUE
461,"E 20 St & 2 Ave",40.73587678,-73.98205027,56,TRUE,TRUE
349,"Rivington St & Ridge St",40.71850211,-73.98329859,61,TRUE,TRUE
470,"W 20 St & 8 Ave",40.74345335,-74.00004031,71,TRUE,TRUE
422,"W 59 St & 10 Ave",40.770513,-73.988038,79,TRUE,TRUE
434,"9 Ave & W 18 St",40.74317449,-74.00366443,60,TRUE,TRUE
517,"Pershing Square South",40.751581,-73.97791,69,TRUE,TRUE
3809,"W 55 St & 6 Ave",40.763189,-73.978434,53,TRUE,TRUE
3898,"E 63 St & 3 Ave",40.763954,-73.9646,57,TRUE,TRUE
500,"Broadway & W 51 St",40.76228826,-73.98336183,52,TRUE,TRUE
3177,"W 84 St & Broadway",40.7867947,-73.977112,63,TRUE,TRUE
474,"5 Ave & E 29 St",40.7451677,-73.98683077,56,TRUE,TRUE
359,"E 47 St & Park Ave",40.75510267,-73.97498696,64,TRUE,TRUE
469,"Broadway & W 53 St",40.76344058,-73.98268129,57,TRUE,TRUE
362,"Broadway & W 37 St",40.75172632,-73.98753523,57,TRUE,TRUE
468,"Broadway & W 56 St",40.7652654,-73.98192338,65,TRUE,TRUE
3714,"Division Ave & Hooper St",40.70684203101325,-73.9544353965357,61,TRUE,TRUE
173,"Broadway & W 49 St",40.76068327096592,-73.9845272898674,70,TRUE,TRUE
267,"Broadway & W 36 St",40.75097711,-73.98765428,78,TRUE,TRUE
3184,"Paulus Hook",40.7141454,-74.0335519,14,TRUE,TRUE
3267,"Morris Canal",40.7124188237569,-74.03852552175522,14,TRUE,TRUE
3269,"Brunswick & 6th",40.72601172964625,-74.05038893222809,14,TRUE,TRUE
3278,"Monmouth and 6th",40.72568548362901,-74.04879033565521,14,TRUE,TRUE
3199,"Newport Pkwy",40.7287448,-74.0321082,14,TRUE,TRUE
3275,"Columbus Drive",40.71835519823214,-74.03891444206238,14,TRUE,TRUE
3268,"Lafayette Park",40.71346382669195,-74.06285852193832,14,TRUE,TRUE
3277,"Communipaw & Berry Lane",40.71435836870427,-74.06661093235016,14,TRUE,TRUE
3281,"Leonard Gordon Park",40.74590996631558,-74.0572714805603,14,TRUE,TRUE
3483,"Montgomery St",40.71942,-74.05099,14,TRUE,TRUE
3280,"Astor Place",40.71928220070702,-74.07126188278198,14,TRUE,TRUE
3679,"Bergen Ave",40.722103786686034,-74.07145500183105,14,TRUE,TRUE
3272,"Jersey & 3rd",40.72333158646436,-74.04595255851744,14,TRUE,TRUE
3270,"Jersey & 6th St",40.72528910781132,-74.04557168483734,14,TRUE,TRUE
3225,"Baldwin at Montgomery",40.7236589,-74.0641943,14,TRUE,TRUE
400,"Pitt St & Stanton St",40.71926081,-73.98178024,15,TRUE,TRUE
391,"Clark St & Henry St",40.69760127,-73.99344559,15,TRUE,TRUE
3612,"30 Ave & 21 St",40.7703743,-73.9286078,15,TRUE,TRUE
3875,"Stephen St & Seneca Ave",40.6988,-73.9007,15,TRUE,TRUE
3882,"Norman St & Wyckoff Ave",40.69517,-73.90311,15,TRUE,TRUE
3852,"Stewart Ave & Johnson Ave",40.70869,-73.92587,17,TRUE,TRUE
3604,"Rogers Ave & Sterling St",40.6630619,-73.9538746,17,TRUE,TRUE
3903,"Jefferson Ave & Evergreen Ave",40.68989,-73.91458,17,TRUE,TRUE
3897,"Onderdonk Ave & Dekalb Ave",40.70863,-73.91497,17,TRUE,TRUE
3910,"Greene Ave & Grandview Ave",40.709697,-73.907856,17,TRUE,TRUE
3849,"Suydam St & St. Nicholas Ave",40.70636,-73.91945,17,TRUE,TRUE
3873,"Madison St & Cypress Ave",40.70068,-73.90742,17,TRUE,TRUE
3901,"Stanhope St & Fairview Ave",40.70998,-73.91116,17,TRUE,TRUE
3907,"Central Ave & Melrose St",40.70112,-73.93039,17,TRUE,TRUE
3681,"Grand St",40.71517767732029,-74.03768330812454,18,TRUE,TRUE
3191,"Union St",40.7182113,-74.0836394,18,TRUE,TRUE
3193,"Lincoln Park",40.7246050998869,-74.07840594649315,18,TRUE,TRUE
3201,"Dey St",40.737711,-74.066921,18,TRUE,TRUE
3279,"Dixon Mills",40.721630142638354,-74.04996782541275,18,TRUE,TRUE
3899,"Manhattan Av & Leonard St",40.72084,-73.94844,18,TRUE,TRUE
3057,"Kosciuszko St & Tompkins Ave",40.69128258,-73.9452416,18,TRUE,TRUE
3638,"Washington St",40.7242941,-74.0354826,18,TRUE,TRUE
3094,"Graham Ave & Withers St",40.7169811,-73.94485918,18,TRUE,TRUE
3678,"Fairmount Ave",40.72572613742557,-74.07195925712585,18,TRUE,TRUE
3210,"Pershing Field",40.742677141,-74.051788633,18,TRUE,TRUE
3412,"Pacific St & Nevins St",40.6853761,-73.98302136,18,TRUE,TRUE
3833,"Madison St & Evergreen Ave",40.69122,-73.91693,18,TRUE,TRUE
3863,"Central Ave & Woodbine St",40.69296,-73.91605,18,TRUE,TRUE
3049,"Cambridge Pl & Gates Ave",40.68488,-73.96304,18,TRUE,TRUE
3198,"Heights Elevator",40.748715945380226,-74.04044330120087,18,FALSE,FALSE
3220,"5 Corners Library",40.734961020009514,-74.0595030784607,18,TRUE,TRUE
3817,"Withers St & Kingsland Ave",40.71773,-73.94051,18,TRUE,TRUE
3202,"Newport PATH",40.7272235,-74.0337589,18,TRUE,TRUE
3273,"Manila & 1st",40.721650724879986,-74.04288411140442,18,TRUE,TRUE
3196,"Riverview Park",40.7443187,-74.0439909,18,TRUE,TRUE
3595,"35 St & Broadway",40.760339,-73.9222427,18,TRUE,TRUE
3640,"Journal Square",40.73367,-74.0625,18,TRUE,TRUE
3677,"Glenwood Ave",40.72755146730012,-74.07106071710587,18,TRUE,TRUE
3694,"Jackson Square",40.71113,-74.0789,18,TRUE,TRUE
3826,"Moffat St & Bushwick",40.68458,-73.90925,18,TRUE,TRUE
3862,"Linden St & Knickerbocker Ave",40.69714,-73.91566,18,TRUE,TRUE
3330,"Henry St & Bay St",40.6725058,-74.00494695,19,TRUE,TRUE
3344,"Pioneer St & Van Brunt St",40.679043,-74.011169,19,TRUE,TRUE
3348,"Coffey St & Conover St",40.677236,-74.015665,19,TRUE,TRUE
3392,"Commerce St & Van Brunt St",40.6812117,-74.00860912,19,TRUE,TRUE
3393,"Richards St & Delavan St",40.6794327,-74.00785041,19,TRUE,TRUE
3795,"10 St & 2 Ave",40.671907,-73.993612,19,TRUE,TRUE
3255,"8 Ave & W 31 St",40.7505853470215,-73.9946848154068,19,TRUE,FALSE
421,"Clermont Ave & Park Ave",40.69573398,-73.97129668,19,TRUE,TRUE
3043,"Lewis Ave & Decatur St",40.6814598,-73.934903,19,TRUE,TRUE
3913,"Sands St Gate",40.699569,-73.979827,19,TRUE,TRUE
278,"Concord St & Bridge St",40.69766564,-73.98476437,19,TRUE,TRUE
3042,"Fulton St & Utica Ave",40.6794268,-73.9298911,19,TRUE,TRUE
3395,"Henry St & W 9 St",40.6763744,-74.00324957,19,TRUE,TRUE
3601,"Sterling St & Bedford Ave",40.6627059,-73.9569115,19,TRUE,TRUE
119,"Park Ave & St Edwards St",40.69608941,-73.97803415,19,TRUE,TRUE
3088,"Union Ave & Jackson St",40.7160751,-73.952029,19,TRUE,TRUE
3596,"Sullivan Pl & Bedford Ave",40.6642406,-73.9574686,19,TRUE,TRUE
3241,"Monroe St & Tompkins Ave",40.686203,-73.944694,19,TRUE,TRUE
3704,"47 Ave & Skillman Ave",40.7437524099784,-73.94176483154297,19,TRUE,TRUE
3589,"Broadway & 12 St",40.7668,-73.9347774,19,TRUE,TRUE
3607,"31 Ave & 14 St",40.7682,-73.9322662,19,TRUE,TRUE
3808,"24 St & 41 Ave",40.752474,-73.939991,19,TRUE,TRUE
3811,"27 Ave & 3 St",40.77485,-73.9342,19,TRUE,TRUE
3054,"Greene Ave & Throop Ave",40.6894932,-73.942061,19,TRUE,TRUE
3515,"24 Ave & 26 St",40.774591,-73.918544,19,TRUE,TRUE
341,"Stanton St & Mangin St",40.71782143,-73.97628939,19,TRUE,TRUE
3332,"Degraw St & Hoyt St",40.681990442707026,-73.99079024791718,19,TRUE,TRUE
3522,"37 St & 24 Ave",40.7701477,-73.9120938,19,TRUE,TRUE
3557,"40 Ave & 9 St",40.75742,-73.945133,19,TRUE,TRUE
3567,"11 St & 35 Ave",40.7627442,-73.9391141,19,TRUE,TRUE
3453,"Devoe St & Lorimer St",40.71335226222875,-73.9491033554077,19,TRUE,TRUE
3530,"Crescent St & Ditmars Blvd",40.7787185,-73.9145645,19,TRUE,TRUE
3046,"Marcus Garvey Blvd & Macon St",40.682601,-73.938037,19,TRUE,TRUE
3586,"34 Ave & 13 St",40.7638753,-73.9364848,19,TRUE,TRUE
3592,"Crescent St & Broadway",40.7633589,-73.9286471,19,TRUE,TRUE
3759,"Irving Ave & Jefferson St",40.70538,-73.92535,19,TRUE,TRUE
289,"Monroe St & Classon Ave",40.6845683,-73.95881081,19,TRUE,TRUE
3060,"Willoughby Ave & Tompkins Ave",40.69425403,-73.94626915,19,TRUE,TRUE
3619,"Newtown Ave & 23 St",40.7713615,-73.9246145,19,TRUE,TRUE
3661,"Montgomery St & Franklin Ave",40.666439306870814,-73.9605563879013,19,TRUE,TRUE
3691,"28 Ave & 44 St",40.76408932350688,-73.91065120697021,19,TRUE,TRUE
3755,"DeKalb Ave & Franklin Ave",40.69064807082943,-73.95746178925037,19,TRUE,TRUE
120,"Lexington Ave & Classon Ave",40.68676793,-73.95928168,19,TRUE,TRUE
275,"Washington Ave & Greene Ave",40.68650065,-73.96563307,19,TRUE,TRUE
373,"Willoughby Ave & Walworth St",40.69331716,-73.95381995,19,TRUE,TRUE
3048,"Putnam Ave & Nostrand Ave",40.68402,-73.94977,19,TRUE,TRUE
3565,"36 Ave & 10 St",40.7614376,-73.9411265,19,TRUE,TRUE
3758,"George St & Wilson Ave",40.702997,-73.92997,19,TRUE,TRUE
3878,"Cypress Ave & George St",40.69812,-73.90271,19,TRUE,TRUE
3066,"Tompkins Ave & Hopkins St",40.69957608,-73.94708417,19,TRUE,TRUE
3575,"Crescent St & 34 Ave",40.76108,-73.930562,19,TRUE,TRUE
3590,"Carroll St & Franklin Ave",40.6679411,-73.9588,19,TRUE,TRUE
3598,"Newton Rd & 44 St",40.7595701,-73.9142678,19,TRUE,TRUE
3834,"Irving Ave & Halsey St",40.69467,-73.90663,19,TRUE,TRUE
3857,"Engert Ave & McGuinness Blvd",40.72158,-73.94546,19,TRUE,TRUE
3059,"Pulaski St & Marcus Garvey Blvd",40.6933982,-73.939877,19,TRUE,TRUE
3249,"Verona Pl & Fulton St",40.6803560840434,-73.9476791024208,19,TRUE,TRUE
3767,"Powers St & Olive St",40.71323,-73.93894,19,TRUE,TRUE
3820,"Willoughby Ave & Myrtle Ave",40.69757,-73.93098,19,TRUE,TRUE
3892,"38 Ave & 29 St",40.75473,-73.93367,19,TRUE,TRUE
3071,"Boerum St & Broadway",40.70538077,-73.94976519,19,TRUE,TRUE
3559,"21 St & 38 Ave",40.7576314,-73.9391224,19,TRUE,TRUE
3564,"21 St & 36 Ave",40.7601853,-73.9362726,19,TRUE,TRUE
3621,"27 Ave & 9 St",40.7739825,-73.9309134,19,TRUE,TRUE
3772,"Devoe St & Morgan Ave",40.713811,-73.93515,19,TRUE,TRUE
3868,"Knickerbocker Ave & Halsey St",40.693,-73.90824,19,TRUE,TRUE
3872,"Hancock St & Wyckoff Ave",40.6972,-73.90674,19,TRUE,TRUE
3883,"Harman St & Seneca Ave",40.70577,-73.91292,19,TRUE,TRUE
3885,"Onderdonk Ave & Gates Ave",40.70413,-73.90737,19,TRUE,TRUE
3888,"Woodward Ave & Harman St",40.70793,-73.91092,19,TRUE,TRUE
3902,"Fairview Ave & Linden St",40.70694,-73.90632,19,TRUE,TRUE
3726,"Center Blvd & 51 Ave",40.743366080270214,-73.95960688591003,20,TRUE,TRUE
291,"Madison St & Montgomery St",40.713126,-73.984844,20,TRUE,TRUE
3858,"Kent St & McGuinness Blvd",40.73124,-73.95161,20,TRUE,TRUE
3851,"Metropolitan Ave & Stewart Ave",40.71401,-73.92793,20,TRUE,TRUE
3853,"Harrison Pl & Porter Ave",40.70686,-73.92851,20,TRUE,TRUE
3819,"Green St & McGuinness Blvd",40.73396,-73.95204,20,TRUE,TRUE
3827,"Halsey St & Broadway",40.68565,-73.91564,20,TRUE,TRUE
3063,"Nostrand Ave & Myrtle Ave",40.69527008,-73.95238108,20,TRUE,TRUE
3859,"Lorimer St & Calyer St",40.72795,-73.95414,20,TRUE,TRUE
3773,"Knickerbocker Ave & Thames St",40.70539,-73.92976,20,TRUE,TRUE
3822,"Bushwick Ave & Forrest St",40.70076,-73.93641,20,TRUE,TRUE
3861,"Menahan St & Wyckoff Ave",40.70113,-73.91422,20,TRUE,TRUE
3870,"Melrose St & Broadway",40.697481,-73.935877,20,TRUE,TRUE
3886,"Menahan St & Onderdonk Ave",40.70553,-73.9096,20,TRUE,TRUE
3891,"Irving Ave & Palmetto St",40.698,-73.9127,20,TRUE,TRUE
3909,"Madison St & Woodward Ave",40.70408,-73.90408,20,TRUE,TRUE
3311,"Columbia St & Kane St",40.68763155,-74.0016256,21,TRUE,TRUE
3340,"Wolcott St & Dwight St",40.6753274,-74.0100698,21,TRUE,TRUE
3394,"Columbia St & W 9 St",40.6769993,-74.00647134,21,TRUE,TRUE
3498,"Pleasant Ave & E 120 St",40.7974772,-73.9311847,21,TRUE,TRUE
3606,"49 Ave & 21 St",40.74252,-73.948852,21,TRUE,TRUE
3615,"44 Dr & 21 St",40.748,-73.9460927,21,TRUE,TRUE
3333,"Columbia St & Lorraine St",40.6747055,-74.0075572,21,TRUE,TRUE
3608,"5 St & 51 Ave",40.7423737,-73.9566,21,TRUE,TRUE
3422,"Columbia St & Degraw St",40.6859296,-74.00242364,21,TRUE,TRUE
3326,"Clinton St & Centre St",40.67434,-74.00194698,21,TRUE,TRUE
3525,"23 Ave & 27 St",40.776165,-73.9153175,21,TRUE,TRUE
3588,"Vernon Blvd & 10 St",40.7671863,-73.9373554,21,TRUE,TRUE
3356,"Amsterdam Ave & W 66 St",40.7746671,-73.98470567,21,TRUE,TRUE
3673,"Dean St & Franklin Ave",40.67759206937376,-73.955637216568,21,TRUE,TRUE
3347,"Van Brunt St & Wolcott St",40.6773429,-74.01275056,21,TRUE,TRUE
3764,"Bushwick Ave & McKibbin St",40.705517,-73.93936,21,TRUE,TRUE
3420,"Douglass St & 3 Ave",40.6802133,-73.98432695,21,TRUE,TRUE
3319,"14 St & 5 Ave",40.666287,-73.98895053,21,TRUE,TRUE
3352,"Sigourney St & Columbia St",40.67267243410948,-74.0087952464819,21,TRUE,TRUE
3050,"Putnam Ave & Throop Ave",40.6851532,-73.94111,21,TRUE,TRUE
3528,"Steinway St & 23 Ave",40.7713937,-73.9077436,21,TRUE,TRUE
3591,"21 St & 31 Dr",40.7659,-73.930819,21,TRUE,TRUE
3578,"Park Pl & Franklin Ave",40.6741806,-73.9564947,21,TRUE,TRUE
3381,"3 St & Hoyt St",40.6777287,-73.99364123,21,TRUE,TRUE
3568,"34 St & 35 Ave",40.7569332,-73.9262231,21,TRUE,TRUE
3605,"31 Ave & Crescent St",40.7658346,-73.9265474,21,TRUE,TRUE
3887,"Flushing Ave & Woodward Ave",40.71246,-73.91873,21,TRUE,TRUE
3297,"6 St & 7 Ave",40.6686627,-73.97988067,21,TRUE,TRUE
3546,"Pacific St & Classon Ave",40.6791944,-73.9587903,21,TRUE,TRUE
3756,"White St & Moore St",40.704508,-73.9351,21,TRUE,TRUE
3080,"S 4 St & Rodney St",40.70934,-73.95608,21,TRUE,TRUE
3513,"21 St & Hoyt Ave S",40.774645,-73.923706,21,TRUE,TRUE
3765,"Bushwick Ave & Stagg St",40.709897,-73.94008,21,TRUE,TRUE
3047,"Halsey St & Tompkins Ave",40.6823687,-73.944118,21,TRUE,TRUE
3061,"Throop Ave & Myrtle Ave",40.69622937,-73.94371094,21,TRUE,TRUE
3603,"31 Ave & 30 St",40.7647,-73.9240312,21,TRUE,TRUE
3832,"Central Ave & Weirfield St",40.69055,-73.91181,21,TRUE,TRUE
3845,"Irving Ave & Harman St",40.70108,-73.9179,21,TRUE,TRUE
3770,"Central Ave & Flushing Ave",40.702831,-73.9333,21,TRUE,TRUE
3214,"Essex Light Rail",40.7127742,-74.0364857,22,TRUE,TRUE
3213,"Van Vorst Park",40.71848892,-74.047726625,22,TRUE,TRUE
3187,"Warren St",40.7211236,-74.03805095,22,TRUE,TRUE
3106,"Driggs Ave & N Henry St",40.72325,-73.94308,22,TRUE,TRUE
3205,"JC Medical Center",40.71653978099194,-74.0496379137039,22,TRUE,TRUE
3481,"York St",40.71649,-74.04105,22,TRUE,TRUE
3511,"Adam Clayton Powell Blvd & W 115 St",40.802535,-73.9532423,22,TRUE,TRUE
3192,"Liberty Light Rail",40.7112423,-74.0557013,22,TRUE,TRUE
3209,"Brunswick St",40.7241765,-74.0506564,22,TRUE,TRUE
3185,"City Hall",40.7177325,-74.043845,22,TRUE,TRUE
3911,"Wyckoff St & Nevins St",40.683426,-73.984275,22,TRUE,TRUE
3212,"Christ Hospital",40.734785818,-74.050443636,22,TRUE,TRUE
3194,"McGinley Square",40.7253399253558,-74.06762212514877,22,TRUE,TRUE
3456,"Jackson St & Leonard St",40.71638031973561,-73.94821286201477,22,TRUE,TRUE
3828,"Eldert St & Bushwick Ave",40.68652,-73.91321,22,TRUE,TRUE
3830,"Halsey St & Evergreen Ave",40.68858,-73.91227,22,TRUE,TRUE
3496,"1 Ave & E 110 St",40.7923272,-73.9383,25,TRUE,TRUE
3835,"Knickerbocker Ave & Hancock St",40.69385,-73.90974,22,TRUE,TRUE
3211,"Newark Ave",40.72152515,-74.046304543,22,TRUE,TRUE
3787,"Dock 72 Way & Market St",40.69985,-73.97141,22,TRUE,TRUE
3302,"Columbus Ave & W 103 St",40.7969347,-73.9643412291,22,TRUE,TRUE
3780,"Wyckoff Av & Stanhope St",40.703545,-73.917775,22,TRUE,TRUE
3855,"Frost St & Debevoise Ave",40.71882,-73.93948,22,TRUE,TRUE
3896,"Madison St & Seneca Ave",40.70183,-73.90625,22,TRUE,TRUE
408,"Market St & Cherry St",40.71076228,-73.99400398,23,TRUE,TRUE
3256,"Pier 40 - Hudson River Park",40.7277140777778,-74.01129573583603,23,TRUE,TRUE
3337,"Dwight St & Van Dyke St",40.67363551341504,-74.01195555925369,23,TRUE,TRUE
3342,"Pioneer St & Richards St",40.6777748,-74.0094613,23,TRUE,TRUE
302,"Avenue D & E 3 St",40.72082834,-73.97793172,23,TRUE,TRUE
356,"Bialystoker Pl & Delancey St",40.71622644,-73.98261206,23,TRUE,TRUE
3407,"Union St & Nevins St",40.67909799721684,-73.98765474557877,23,TRUE,TRUE
3551,"3 Ave & E 112 St",40.795508,-73.941606,23,TRUE,TRUE
3609,"Vernon Blvd & 31 Ave",40.7692475,-73.9354504,23,TRUE,TRUE
3647,"48 Ave & 30 Pl",40.74128309355993,-73.93725872039794,23,TRUE,TRUE
3315,"Henry St & Degraw St",40.6847514,-73.99917254,23,TRUE,TRUE
3497,"Pleasant Ave & E 116 St",40.7949879,-73.9333349,23,TRUE,TRUE
270,"Adelphi St & Myrtle Ave",40.69308257,-73.97178913,23,TRUE,TRUE
3128,"21 St & 43 Ave",40.75052534,-73.94594845,23,TRUE,TRUE
157,"Henry St & Atlantic Ave",40.69089272,-73.99612349,23,TRUE,TRUE
229,"Great Jones St",40.72743423,-73.99379025,23,TRUE,TRUE
248,"Laight St & Hudson St",40.72185379,-74.00771779,23,TRUE,TRUE
343,"Clinton Ave & Flushing Ave",40.69794,-73.96986848,23,TRUE,TRUE
3720,"Wyckoff St & Bond St",40.68461653897949,-73.98721285164356,23,TRUE,TRUE
328,"Watts St & Greenwich St",40.72405549,-74.00965965,23,TRUE,TRUE
3125,"45 Rd & 11 St",40.74708586,-73.94977234,23,TRUE,TRUE
3620,"11 St & 43 Ave",40.7519071,-73.9479119,23,TRUE,TRUE
418,"Front St & Gold St",40.70224,-73.982578,23,TRUE,TRUE
3298,"Warren St & Court St",40.686371,-73.99383324,23,TRUE,TRUE
3052,"Lewis Ave & Madison St",40.686312,-73.935775,23,TRUE,TRUE
3768,"Waterbury St & Stagg St",40.71019,-73.93734,23,TRUE,TRUE
419,"Carlton Ave & Park Ave",40.69580705,-73.97355569,23,TRUE,TRUE
3622,"E 128 St & Madison Ave",40.80756,-73.939182,23,TRUE,TRUE
443,"Bedford Ave & S 9 St",40.70853074,-73.96408963,23,TRUE,TRUE
3524,"19 St & 24 Ave",40.7774552,-73.9225403,23,TRUE,TRUE
258,"DeKalb Ave & Vanderbilt Ave",40.68940747,-73.96885458,23,TRUE,TRUE
313,"Washington Ave & Park Ave",40.69610226,-73.96751037,23,TRUE,TRUE
3070,"McKibbin St & Manhattan Ave",40.70510918,-73.94407279,23,TRUE,TRUE
3398,"Smith St & 9 St",40.6746957,-73.99785768,23,TRUE,TRUE
3469,"India St & West St",40.73181401720966,-73.95995020866394,23,TRUE,TRUE
3749,"Lexington Ave & E 36 St",40.747573958954796,-73.9788007736206,23,TRUE,TRUE
245,"Myrtle Ave & St Edwards St",40.69327018,-73.97703874,23,TRUE,TRUE
354,"Emerson Pl & Myrtle Ave",40.69363137,-73.96223558,23,TRUE,TRUE
3716,"40 Ave & Crescent St",40.753599202005596,-73.93795609474182,23,TRUE,TRUE
3876,"Forest Ave & Summerfield St",40.69922,-73.89795,23,TRUE,TRUE
3062,"Myrtle Ave & Marcy Ave",40.69539817,-73.94954908,23,TRUE,TRUE
3339,"Berkeley Pl & 6 Ave",40.6765304,-73.97846879,23,TRUE,TRUE
3361,"Carroll St & 6 Ave",40.6740886,-73.9787282,23,TRUE,TRUE
3514,"Astoria Park S & Shore Blvd",40.7767,-73.927631,23,TRUE,TRUE
3777,"Stockholm St & Wilson Ave",40.699304,-73.923044,23,TRUE,TRUE
3577,"34 Ave & 21 St",40.7628138,-73.9342862,23,TRUE,TRUE
420,"Clermont Ave & Lafayette Ave",40.68764484,-73.96968902,23,TRUE,TRUE
3343,"W 107 St & Columbus Ave",40.7997568,-73.9621128676,23,TRUE,TRUE
3614,"Crescent St & 30 Ave",40.768692,-73.9249574,23,TRUE,TRUE
3769,"White St & Johnson Ave",40.707174,-73.93581,23,TRUE,TRUE
216,"Columbia Heights & Cranberry St",40.70037867,-73.99548059,23,TRUE,TRUE
241,"DeKalb Ave & S Portland Ave",40.68981035,-73.97493121,23,TRUE,TRUE
344,"Monroe St & Bedford Ave",40.6851443,-73.95380904,23,TRUE,TRUE
3055,"Greene Ave & Nostrand Ave",40.6883337,-73.950916,23,TRUE,TRUE
3574,"Prospect Pl & Underhill Ave",40.6769694,-73.96579,23,TRUE,TRUE
3884,"Centre St & Seneca Ave",40.69969,-73.9022,23,TRUE,TRUE
3053,"Marcy Ave & Lafayette Ave",40.6900815,-73.947915,23,TRUE,TRUE
3056,"Kosciuszko St & Nostrand Ave",40.69072549,-73.95133465,23,TRUE,TRUE
3064,"Myrtle Ave & Lewis Ave",40.69681963,-73.93756926,23,TRUE,TRUE
3179,"Park Ave & Marcus Garvey Blvd",40.698617,-73.941342,23,TRUE,TRUE
3402,"Court St & State St",40.6902375,-73.99203074,23,TRUE,TRUE
3405,"5 St & 6 Ave",40.6704836,-73.98208968,23,TRUE,TRUE
3602,"31 Ave & 34 St",40.763154,-73.920827,23,TRUE,TRUE
3757,"Stagg St & Morgan Ave",40.710681,-73.93372,23,TRUE,TRUE
3760,"Willoughby Ave & Wyckoff Ave",40.705614,-73.92153,23,TRUE,TRUE
3774,"Knickerbocker Ave & George St",40.704425,-73.92836,23,TRUE,TRUE
3814,"E 56 St & Madison Ave",40.761573,-73.972628,23,TRUE,TRUE
3824,"Van Sinderen Ave & Truxton St",40.6786,-73.90369,23,TRUE,TRUE
3306,"10 St & 7 Ave",40.6662078,-73.98199886,23,TRUE,TRUE
3776,"Central Ave & Starr Street",40.700003,-73.92834,23,TRUE,TRUE
3843,"Myrtle Ave & Grove St",40.69905,-73.91516,23,TRUE,TRUE
2008,"Little West St & 1 Pl",40.70569254,-74.01677685,24,TRUE,TRUE
3676,"Van Brunt St & Van Dyke St",40.6758329439129,-74.01472628116608,24,TRUE,TRUE
530,"11 Ave & W 59 St",40.77149671054441,-73.99046033620834,24,TRUE,TRUE
3390,"E 109 St & 3 Ave",40.79329668,-73.9432083,24,TRUE,TRUE
3399,"7 St & 3 Ave",40.67260298150126,-73.98983001708984,24,TRUE,TRUE
3400,"E 110 St & Madison Ave",40.7961535,-73.94782145,24,TRUE,TRUE
3105,"N 15 St & Wythe Ave",40.724055,-73.955736,24,TRUE,TRUE
3293,"W 92 St & Broadway",40.7921,-73.9739,24,TRUE,TRUE
262,"Washington Park",40.6917823,-73.9737299,24,TRUE,TRUE
3041,"Kingston Ave & Herkimer St",40.67890679,-73.94142771,24,TRUE,TRUE
295,"Pike St & E Broadway",40.71406667,-73.99293911,24,TRUE,TRUE
3072,"Leonard St & Boerum St",40.70583339,-73.94644578,24,TRUE,TRUE
3571,"Bedford Ave & Bergen St",40.676368,-73.952918,24,TRUE,TRUE
3491,"E 118 St & 1 Ave",40.79747,-73.93504,24,TRUE,TRUE
3317,"10 St & 5 Ave",40.6686273,-73.98700053,24,TRUE,TRUE
143,"Clinton St & Joralemon St",40.69239502,-73.99337909,24,TRUE,TRUE
3585,"Union St & Bedford Ave",40.6691783,-73.9554162,24,TRUE,TRUE
3804,"Front St & Jay St",40.702461,-73.986842,24,TRUE,TRUE
3869,"Van Buren St & Broadway",40.692,-73.92617,24,TRUE,TRUE
3454,"Leonard St & Maujer St",40.7103685423523,-73.94705951213837,24,TRUE,TRUE
3766,"Sharon St & Olive St",40.715353,-73.93856,24,TRUE,TRUE
437,"Macon St & Nostrand Ave",40.6809833854,-73.9500479759,24,TRUE,TRUE
3310,"14 St & 7 Ave",40.663779,-73.98396846,24,TRUE,TRUE
3816,"Metropolitan Ave & Vandervoort Ave",40.71429,-73.93323,24,TRUE,TRUE
3058,"Lewis Ave & Kosciuszko St",40.69237074,-73.93705428,24,TRUE,TRUE
3728,"Pierrepont St & Monroe Pl",40.69535693320225,-73.99344027042389,24,TRUE,TRUE
3779,"Hart St & Wyckoff Ave",40.704876,-73.919911,24,TRUE,TRUE
3829,"Central Ave & Decatur St",40.6882,-73.90798,24,TRUE,TRUE
3840,"Putnam Ave & Wyckoff Ave",40.69811,-73.90904,24,TRUE,TRUE
3865,"Knickerbocker Ave & Cooper St",40.69081,-73.90448,24,TRUE,TRUE
3002,"South End Ave & Liberty St",40.711512,-74.015756,25,TRUE,TRUE
276,"Duane St & Greenwich St",40.71748752,-74.0104554,25,TRUE,TRUE
3324,"3 Ave & 14 St",40.6685455,-73.99333264,25,TRUE,TRUE
3387,"E 106 St & Madison Ave",40.7934337,-73.94945003,25,TRUE,TRUE
3360,"Amsterdam Ave & W 79 St",40.7829391,-73.9786517,25,TRUE,TRUE
3397,"Court St & Nelson St",40.6763947,-73.99869893,25,TRUE,TRUE
3529,"Lenox Ave & W 130 St",40.8107922,-73.9430681,25,TRUE,TRUE
417,"Barclay St & Church St",40.71291224,-74.01020234,25,TRUE,TRUE
3416,"7 Ave & Park Pl",40.6776147,-73.97324283,25,TRUE,TRUE
3085,"Roebling St & N 4 St",40.71469,-73.95739,25,TRUE,TRUE
3494,"E 115 St & Lexington Ave",40.797911,-73.9423,25,TRUE,TRUE
3322,"12 St & 4 Ave",40.668603,-73.9904394,25,TRUE,TRUE
508,"W 46 St & 11 Ave",40.76341379,-73.99667444,25,TRUE,TRUE
3388,"President St & Henry St",40.6828003,-73.99990419,25,TRUE,TRUE
3391,"E 106 St & 1 Ave",40.7892529,-73.93956237,25,TRUE,TRUE
3430,"Richardson St & N Henry St",40.71907891179564,-73.94223690032959,25,TRUE,TRUE
3358,"Garfield Pl & 8 Ave",40.6711978,-73.97484126,25,TRUE,TRUE
3383,"Cathedral Pkwy & Broadway",40.804213,-73.96699104,25,TRUE,TRUE
460,"S 4 St & Wythe Ave",40.71285887,-73.96590294,25,TRUE,TRUE
3321,"Clinton St & Union St",40.6831164,-73.99785267,25,TRUE,TRUE
3355,"E 66 St & Madison Ave",40.76800889305947,-73.96845281124115,25,TRUE,TRUE
3850,"Jefferson St & Cypress Ave",40.70907,-73.92157,25,TRUE,TRUE
3351,"E 102 St & 1 Ave",40.7869946,-73.94164802,25,TRUE,TRUE
3370,"E 78 St & 2 Ave",40.7727966,-73.95577801,25,TRUE,TRUE
3299,"E 98 St & Park Ave",40.78813,-73.95206,25,TRUE,TRUE
3303,"Butler St & Court St",40.6849894,-73.99440329,24,TRUE,TRUE
3415,"Prospect Pl & 6 Ave",40.6793307,-73.97519523,25,TRUE,TRUE
3618,"27 St & Hunter St",40.7485,-73.941275,25,TRUE,TRUE
3856,"Kingsland Ave & Nassau Ave",40.72577,-73.94173,25,TRUE,TRUE
3396,"Clinton St & 4 Place",40.6783563,-74.00014502,25,TRUE,TRUE
3523,"24 Ave & 29 St",40.7729,-73.916142,25,TRUE,TRUE
3597,"43 St & Broadway",40.7577284,-73.9166368,25,TRUE,TRUE
3616,"Steinway St & 28 Ave",40.7656251,-73.9136695,25,TRUE,TRUE
3377,"Carroll St & Bond St",40.6786115,-73.99037292,25,TRUE,TRUE
3648,"Flushing Ave & Vanderbilt Ave",40.697950315695444,-73.97077560424805,25,TRUE,TRUE
396,"Lefferts Pl & Franklin Ave",40.680342423,-73.9557689392,25,TRUE,TRUE
3499,"2 Ave & E 122 St",40.8006721,-73.9349,25,TRUE,TRUE
3549,"Grand Ave & Bergen St",40.678045,-73.962408,25,TRUE,TRUE
3566,"Crescent St & 35 Ave",40.7596276,-73.9321455,25,TRUE,TRUE
3573,"35 St & 34 Ave",40.7580583,-73.9242751,25,TRUE,TRUE
3579,"Sterling Pl & Bedford Ave",40.672695,-73.954131,25,TRUE,TRUE
3846,"Central Ave & Himrod St",40.69676,-73.92302,25,TRUE,TRUE
3877,"Madison St & Forest Ave",40.70555,-73.90245,25,TRUE,TRUE
3893,"Rockaway Ave & Bainbridge St",40.68319988172761,-73.91166642308235,25,TRUE,TRUE
3838,"Bushwick Ave & Harman St",40.69356,-73.92524,25,TRUE,TRUE
3841,"Menahan St & Central Ave",40.69543,-73.9196,25,TRUE,TRUE
3844,"Myrtle Ave & Linden St",40.69943,-73.91337,25,TRUE,TRUE
481,"S 3 St & Bedford Ave",40.71260486,-73.96264403,25,TRUE,TRUE
3082,"Hope St & Union Ave",40.71167351,-73.95141312,25,TRUE,TRUE
3300,"Prospect Park West & 8 St",40.66514681533792,-73.97637605667114,25,TRUE,TRUE
3384,"Smith St & 3 St",40.6787242,-73.99599099,25,TRUE,TRUE
3821,"Evergreen Ave & Noll St",40.70106,-73.93318,25,TRUE,TRUE
3847,"Cedar St & Evergreen Ave",40.69671,-73.92807,25,TRUE,TRUE
3854,"Morgan Ave & Maspeth Ave",40.716657,-73.93637,25,TRUE,TRUE
3879,"Broadway & Madison St",40.68822,-73.91966,25,TRUE,TRUE
3895,"Cypress Ave & Palmetto St",40.701573408737914,-73.90876293182373,25,TRUE,TRUE
3203,"Hamilton Park",40.727595966,-74.044247311,26,TRUE,TRUE
3276,"Marin Light Rail",40.71458403535893,-74.04281705617905,26,TRUE,TRUE
3495,"E 114 St & 1 Ave",40.7945663,-73.9362541,26,TRUE,TRUE
3646,"35 Ave & 10 St",40.76315481910373,-73.93985509872437,16,TRUE,TRUE
3207,"Oakland Ave",40.7376037,-74.0524783,26,TRUE,TRUE
3668,"Leonard St & Nassau Ave",40.7239567849954,-73.94984364509583,26,TRUE,TRUE
3095,"Graham Ave & Herbert St",40.71929301,-73.94500379,26,TRUE,TRUE
3561,"37 Ave & 35 St",40.7531106,-73.9279917,26,TRUE,TRUE
3860,"Wilson Ave & Troutman St",40.70166,-73.92754,26,TRUE,TRUE
3206,"Hilltop",40.7311689,-74.0575736,26,TRUE,TRUE
3078,"Broadway & Roebling St",40.70924826276157,-73.96063148975372,26,TRUE,TRUE
331,"Pike St & Monroe St",40.71173107,-73.99193043,27,TRUE,TRUE
3092,"Berry St & N 8 St",40.7190095,-73.95852515,27,TRUE,TRUE
3613,"Center Blvd & 48 Ave",40.745038,-73.957539,27,TRUE,TRUE
3121,"Jackson Ave & 46 Rd",40.74524768,-73.94733276,27,TRUE,TRUE
3424,"E 106 St & Lexington Ave",40.791976,-73.945993,27,TRUE,TRUE
3762,"3 Ave & Carroll St",40.677027,-73.9865,27,TRUE,TRUE
346,"Bank St & Hudson St",40.73652889,-74.00618026,27,TRUE,TRUE
3535,"Mt Morris Park W & W 120 St",40.804038,-73.945925,27,TRUE,TRUE
3520,"Adam Clayton Powell Blvd & W 118 St",40.804372,-73.951475,27,TRUE,TRUE
3905,"4 Ave & E 12 St",40.732647,-73.99011,27,TRUE,TRUE
249,"Harrison St & Hudson St",40.71870987,-74.0090009,27,TRUE,TRUE
3117,"Franklin St & Dupont St",40.73564,-73.95866,27,TRUE,TRUE
3124,"46 Ave & 5 St",40.74731,-73.95451,27,TRUE,TRUE
3172,"W 74 St & Columbus Ave",40.7785669,-73.97754961,27,TRUE,TRUE
3599,"Franklin Ave & Empire Blvd",40.66314,-73.9605695,27,TRUE,TRUE
3658,"W 18 St & 9 Ave",40.7435337324616,-74.00367558002472,27,TRUE,TRUE
3763,"Wyckoff Av & Jefferson St",40.707165,-73.923711,27,TRUE,TRUE
82,"St James Pl & Pearl St",40.71117416,-74.00016545,27,TRUE,TRUE
264,"Maiden Ln & Pearl St",40.70706456,-74.00731853,27,TRUE,TRUE
308,"St James Pl & Oliver St",40.71307916,-73.99851193,27,TRUE,TRUE
423,"W 54 St & 9 Ave",40.76584941,-73.98690506,27,TRUE,TRUE
3101,"N 12 St & Bedford Ave",40.72079821,-73.95484712,27,TRUE,TRUE
3419,"Douglass St & 4 Ave",40.6792788,-73.98154004,27,TRUE,TRUE
3411,"Bond St & Bergen St",40.6849668,-73.98620772,27,TRUE,TRUE
3581,"Underhill Ave & Lincoln Pl",40.6740123,-73.9671457,27,TRUE,TRUE
3693,"N 11 St & Kent Ave",40.72248188638219,-73.95921930670738,27,TRUE,TRUE
353,"S Portland Ave & Hanson Pl",40.68539567,-73.97431458,27,TRUE,TRUE
251,"Mott St & Prince St",40.72317958,-73.99480012,27,TRUE,TRUE
545,"E 23 St & 1 Ave",40.736502,-73.97809472,27,TRUE,TRUE
3157,"East End Ave & E 86 St",40.77518615,-73.94446054,27,TRUE,TRUE
3554,"Vernon Blvd & 41 Rd",40.7552433,-73.9485678,27,TRUE,TRUE
3610,"Vernon Blvd & 30 Rd",40.770845,-73.934171,27,TRUE,TRUE
340,"Madison St & Clinton St",40.71269042,-73.98776323,27,TRUE,TRUE
3373,"3 St & 3 Ave",40.6750705,-73.98775226,27,TRUE,TRUE
297,"E 15 St & 3 Ave",40.734232,-73.986923,27,TRUE,TRUE
389,"Broadway & Berry St",40.71044554,-73.96525063,27,TRUE,TRUE
448,"W 37 St & 10 Ave",40.75660359,-73.9979009,27,TRUE,TRUE
2002,"Wythe Ave & Metropolitan Ave",40.716887,-73.963198,27,TRUE,TRUE
3221,"47 Ave & 31 St",40.743,-73.93561,27,TRUE,TRUE
3327,"3 Ave & E 100 St",40.7877214,-73.94728331,27,TRUE,TRUE
3504,"E 123 St & Lexington Ave",40.8029263,-73.9379,27,TRUE,TRUE
3308,"Kane St & Clinton St",40.6861758,-73.99645295,27,TRUE,TRUE
3365,"3 St & 7 Ave",40.6703837,-73.97839676,27,TRUE,TRUE
3408,"Congress St & Clinton St",40.6881529,-73.99520919,27,TRUE,TRUE
335,"Washington Pl & Broadway",40.72903917,-73.99404649,27,TRUE,TRUE
3531,"Frederick Douglass Blvd & W 129 St",40.8125511,-73.9492286,27,TRUE,TRUE
3544,"Underhill Ave & Pacific St",40.6804836,-73.9646795,27,TRUE,TRUE
3558,"Bergen St & Vanderbilt Ave",40.6794388,-73.9680438,27,TRUE,TRUE
282,"Kent Ave & S 11 St",40.707644944175705,-73.96841526031494,27,TRUE,TRUE
261,"Johnson St & Gold St",40.69474881,-73.98362464,27,TRUE,TRUE
364,"Lafayette Ave & Classon Ave",40.68900443,-73.96023854,27,TRUE,TRUE
3417,"Baltic St & 5 Ave",40.6795766,-73.97854971,27,TRUE,TRUE
3492,"E 118 St & Park Ave",40.8005385,-73.9419949,27,TRUE,TRUE
3067,"Broadway & Whipple St",40.7016657,-73.9437303,27,TRUE,TRUE
3102,"Driggs Ave & Lorimer St",40.72179134,-73.9504154,27,TRUE,TRUE
3532,"Ditmars Blvd & 19 St",40.78145,-73.9183302,27,TRUE,TRUE
399,"Lafayette Ave & St James Pl",40.68851534,-73.9647628,27,TRUE,TRUE
3562,"Classon Ave & St Marks Ave",40.6765198,-73.9596082,27,TRUE,TRUE
3113,"Greenpoint Ave & Manhattan Ave",40.73026,-73.95394,27,TRUE,TRUE
3123,"31 St & Thomson Ave",40.74469738,-73.93540375,27,TRUE,TRUE
3304,"6 Ave & 9 St",40.668127,-73.98377641,27,TRUE,TRUE
3745,"36 Ave & 31 St",40.75651272984955,-73.92957486212252,27,TRUE,TRUE
268,"Howard St & Centre St",40.71910537,-73.99973337,27,TRUE,TRUE
3404,"7 St & 5 Ave",40.6704922,-73.98541675,27,TRUE,TRUE
3617,"28 Ave & 35 St",40.7671,-73.9169858,27,TRUE,TRUE
397,"Fulton St & Clermont Ave",40.68415748,-73.96922273,27,TRUE,TRUE
3259,"9 Ave & W 28 St",40.74937024193277,-73.99923384189606,27,TRUE,TRUE
3364,"Carroll St & 5 Ave",40.6751622,-73.9814832,27,TRUE,TRUE
3386,"1 Pl & Clinton St",40.6809591,-73.99905709,27,TRUE,TRUE
3600,"31 Ave & Steinway St",40.7611488,-73.9170071,27,TRUE,TRUE
3674,"Jay St & York St",40.701403172577244,-73.98672670125961,27,TRUE,TRUE
3803,"Bedford Ave & Montgomery St",40.665816,-73.956934,27,TRUE,TRUE
321,"Cadman Plaza E & Red Cross Pl",40.69991755,-73.98971773,27,TRUE,TRUE
372,"Franklin Ave & Myrtle Ave",40.694546087246025,-73.95801365375519,27,TRUE,TRUE
436,"Hancock St & Bedford Ave",40.68216564,-73.95399026,27,TRUE,TRUE
3044,"Albany Ave & Fulton St",40.6800105,-73.938475,27,TRUE,TRUE
3555,"28 St & 41 Ave",40.751047,-73.93797,27,TRUE,TRUE
3527,"5 Ave & E 126 St",40.80698,-73.941747,27,TRUE,TRUE
3775,"Suydam St & Knickerbocker Ave",40.702013,-73.923769,27,TRUE,TRUE
3329,"Degraw St & Smith St",40.6829151,-73.99318208,27,TRUE,TRUE
3526,"31 St & 23 Ave",40.7747878,-73.9125551,27,TRUE,TRUE
3576,"Park Pl & Vanderbilt Ave",40.6767,-73.969024,27,TRUE,TRUE
3587,"Carroll St & Washington Ave",40.6686744,-73.9618148,27,TRUE,TRUE
3761,"Cedar St & Myrtle Ave",40.697842,-73.926241,27,TRUE,TRUE
3778,"Irving Ave & DeKalb Ave",40.7027,-73.92095,27,TRUE,TRUE
3880,"Willoughby Ave & Onderdonk Ave",40.7098,-73.91727,27,TRUE,TRUE
350,"Clinton St & Grand St",40.71559509,-73.9870295,28,TRUE,TRUE
3335,"Union St & 4 Ave",40.6772744,-73.98282002,28,TRUE,TRUE
3389,"Carroll St & Columbia St",40.6830456,-74.00348559,28,TRUE,TRUE
3110,"Meserole Ave & Manhattan Ave",40.72708584,-73.95299117,28,TRUE,TRUE
3093,"N 6 St & Bedford Ave",40.71745169,-73.95850939,28,TRUE,TRUE
3378,"E 76 St & Park Ave",40.773763,-73.96222088,28,TRUE,TRUE
3582,"Lincoln Pl & Classon Ave",40.6721683,-73.9609,28,TRUE,TRUE
480,"W 53 St & 10 Ave",40.76669671,-73.99061728,29,TRUE,TRUE
513,"W 56 St & 10 Ave",40.768254,-73.988639,29,TRUE,TRUE
3369,"E 82 St & East End Ave",40.7724607,-73.9468208,29,TRUE,TRUE
315,"South St & Gouverneur Ln",40.70355377,-74.00670227,29,TRUE,TRUE
3506,"Lexington Ave & E 120 St",40.8013066,-73.9398167,29,TRUE,TRUE
3502,"Lexington Ave & E 111 St",40.7954121,-73.9441232,29,TRUE,TRUE
342,"Columbia St & Rivington St",40.71739973,-73.98016555,29,TRUE,TRUE
426,"West St & Chambers St",40.71754834,-74.01322069,29,TRUE,TRUE
3243,"E 58 St & 1 Ave (NE Corner)",40.75892386377695,-73.96226227283478,29,TRUE,TRUE
3708,"W 13 St & 5 Ave",40.735445,-73.99431,29,TRUE,TRUE
412,"Forsyth St & Canal St",40.7158155,-73.99422366,29,TRUE,TRUE
385,"E 55 St & 2 Ave",40.75797322,-73.96603308,29,TRUE,TRUE
536,"1 Ave & E 30 St",40.74144387,-73.97536082,29,TRUE,TRUE
3423,"West Drive & Prospect Park West",40.6610633719006,-73.97945255041122,29,TRUE,TRUE
3346,"Berkeley Pl & 7 Ave",40.675146838709786,-73.97523209452629,29,TRUE,TRUE
3537,"Carlton Ave & Dean St",40.6809741,-73.9710097,29,TRUE,TRUE
3569,"Franklin Ave & St Marks Ave",40.6758324,-73.9561677,29,TRUE,TRUE
3542,"Amsterdam Ave & W 119 St",40.8086249,-73.9596214,29,TRUE,TRUE
3313,"6 Ave & 12 St",40.6663181,-73.9854617,29,TRUE,TRUE
3825,"Broadway & Furman Ave",40.68139,-73.90756,29,TRUE,TRUE
3839,"Putnam Ave & Knickerbocker Ave",40.69545,-73.91164,29,TRUE,TRUE
3069,"Lorimer St & Broadway",40.70411791,-73.94818595,29,TRUE,TRUE
3501,"E 118 St & Madison Ave",40.8014866,-73.9442507,29,TRUE,TRUE
3563,"28 St & 36 Ave",40.757186,-73.932719,29,TRUE,TRUE
3836,"Bushwick Ave & Linden St",40.69146,-73.92146,29,TRUE,TRUE
3842,"Bushwick Ave & Dekalb Ave",40.69502,-73.92825,29,TRUE,TRUE
3081,"Graham Ave & Grand St",40.711863,-73.944024,29,TRUE,TRUE
3837,"Broadway & Kosciuszko St",40.69329,-73.92852,29,TRUE,TRUE
3867,"Somers St & Broadway",40.67945,-73.90474,29,TRUE,TRUE
128,"MacDougal St & Prince St",40.72710258,-74.00297088,30,TRUE,TRUE
3771,"McKibbin St & Bogart St",40.706237,-73.933871,30,TRUE,TRUE
307,"Canal St & Rutgers St",40.71427487,-73.98990025,30,TRUE,TRUE
3639,"Harborside",40.7192517,-74.034234,30,TRUE,TRUE
3349,"Grand Army Plaza & Plaza St West",40.6729679,-73.97087984,30,TRUE,TRUE
3918,"Avenue D & E 8 St",40.72387,-73.975767,30,TRUE,TRUE
2000,"Front St & Washington St",40.70255088,-73.98940236,30,TRUE,TRUE
339,"Avenue D & E 12 St",40.72580614,-73.97422494,30,TRUE,TRUE
3664,"North Moore St & Greenwich St",40.72019521437465,-74.0103006362915,30,TRUE,FALSE
174,"E 25 St & 1 Ave",40.7381765,-73.97738662,30,TRUE,TRUE
3486,"Schermerhorn St & Bond St",40.688417427540834,-73.98451656103134,30,TRUE,TRUE
3649,"W 129 St & Convent Ave",40.814394437915816,-73.95324736833572,30,TRUE,TRUE
3368,"5 Ave & 3 St",40.6728155,-73.98352355,30,TRUE,TRUE
3503,"Madison Ave & E 120 St",40.80295,-73.942954,30,TRUE,TRUE
3087,"Metropolitan Ave & Meeker Ave",40.71413311,-73.95234386,30,TRUE,TRUE
3699,"W 50 St & 9 Ave",40.763604677958625,-73.98917958140373,30,TRUE,TRUE
3309,"E 97 St & 3 Ave",40.7859201,-73.94860294,30,TRUE,TRUE
3823,"Beaver St & Fayette St",40.70099,-73.93921,30,TRUE,TRUE
3580,"St Johns Pl & Washington Ave",40.6737236,-73.9631611,30,TRUE,TRUE
3864,"Central Ave & Covert St",40.68929,-73.90951,30,TRUE,TRUE
3086,"Graham Ave & Conselyea St",40.715143,-73.944507,30,TRUE,TRUE
3900,"Morgan Ave & Lombardy St",40.72226,-73.93889,30,TRUE,TRUE
3723,"Cadman Plaza E & Johnson St",40.695317277669034,-73.99015724658966,30,TRUE,TRUE
3792,"Columbus Dr at Exchange Pl",40.71687,-74.03281,30,TRUE,TRUE
3781,"Greene Av & Myrtle Av",40.698568,-73.918877,30,TRUE,TRUE
3871,"Bushwick Ave & Furman Ave",40.68281,-73.90623,30,TRUE,TRUE
312,"Allen St & Stanton St",40.722055,-73.989111,31,TRUE,TRUE
3122,"48 Ave & 5 St",40.744363287066875,-73.9558732509613,31,TRUE,TRUE
3403,"4 Ave & 9 St",40.6705135,-73.98876585,31,TRUE,TRUE
3508,"St Nicholas Ave & Manhattan Ave",40.809725,-73.953149,31,TRUE,TRUE
3509,"Lenox Ave & W 115 St",40.8011939,-73.9500739,31,TRUE,TRUE
311,"Norfolk St & Broome St",40.7172274,-73.98802084,31,TRUE,TRUE
432,"E 7 St & Avenue A",40.72621788,-73.98379855,31,TRUE,TRUE
3109,"Banker St & Meserole Ave",40.72606,-73.95621,31,TRUE,TRUE
3410,"Dean St & Hoyt St",40.6864442,-73.98759104,31,TRUE,TRUE
3500,"E 115 St & Madison Ave",40.7989445,-73.944846,31,TRUE,TRUE
127,"Barrow St & Hudson St",40.73172428,-74.00674436,31,TRUE,TRUE
334,"W 20 St & 7 Ave",40.74238787,-73.99726235,31,TRUE,TRUE
3611,"Vernon Blvd & 47 Rd",40.7449067,-73.9534573,31,TRUE,TRUE
398,"Atlantic Ave & Furman St",40.69165183,-73.9999786,31,TRUE,TRUE
411,"E 6 St & Avenue D",40.72228087,-73.97668709,31,TRUE,TRUE
479,"9 Ave & W 45 St",40.76019252,-73.9912551,31,TRUE,TRUE
3490,"E 116 St & 2 Ave",40.796879,-73.937261,31,TRUE,TRUE
3782,"Brooklyn Bridge Park - Pier 2",40.698458,-73.997178,31,TRUE,TRUE
238,"Bank St & Washington St",40.7361967,-74.00859207,31,TRUE,TRUE
447,"8 Ave & W 52 St",40.76370739,-73.9851615,31,TRUE,TRUE
390,"Duffield St & Willoughby St",40.69221589,-73.9842844,31,TRUE,TRUE
3715,"Driggs Ave & N 9 St",40.71816969454208,-73.95520135760307,31,TRUE,TRUE
3130,"21 St & Queens Plaza North",40.75325964,-73.94335788,31,TRUE,TRUE
403,"E 2 St & 2 Ave",40.72502876,-73.99069656,31,TRUE,TRUE
3065,"Union Ave & Wallabout St",40.70029511,-73.95032283,31,TRUE,TRUE
534,"Water - Whitehall Plaza",40.70255065,-74.0127234,31,TRUE,TRUE
3628,"Lenox Ave & W 117 St",40.8025566,-73.9490782,31,TRUE,TRUE
516,"E 47 St & 1 Ave",40.75206862,-73.96784384,31,TRUE,TRUE
3382,"Carroll St & Smith St",40.680611,-73.99475825,31,TRUE,TRUE
3168,"Central Park West & W 85 St",40.78472675,-73.96961715,31,TRUE,TRUE
3148,"E 84 St & 1 Ave",40.77565541,-73.95068615,31,TRUE,TRUE
471,"Grand St & Havemeyer St",40.71286844,-73.95698119,31,TRUE,TRUE
3307,"West End Ave & W 94 St",40.7941654,-73.974124,31,TRUE,TRUE
3510,"Adam Clayton Powell Blvd & W 123 St",40.8078316,-73.949373,31,TRUE,TRUE
3232,"Bond St & Fulton St",40.68962188790333,-73.98304268717766,31,TRUE,TRUE
3738,"Delancey St & Eldridge St",40.719383,-73.991479,31,TRUE,TRUE
224,"Spruce St & Nassau St",40.71146364,-74.00552427,31,TRUE,TRUE
458,"11 Ave & W 27 St",40.751396,-74.005226,31,TRUE,TRUE
3175,"W 70 St & Amsterdam Ave",40.77748046,-73.98288594,31,TRUE,TRUE
274,"Lafayette Ave & Fort Greene Pl",40.68691865,-73.976682,31,TRUE,TRUE
3129,"Queens Plaza North & Crescent St",40.75110165,-73.94073717,31,TRUE,TRUE
3338,"2 Ave & E 99 St",40.7862586,-73.94552579,31,TRUE,TRUE
244,"Willoughby Ave & Hall St",40.69196035,-73.96536851,31,TRUE,TRUE
3154,"E 77 St & 3 Ave",40.77314236,-73.95856158,31,TRUE,TRUE
3235,"E 41 St & Madison Ave",40.752165280621966,-73.97992193698882,25,TRUE,TRUE
3493,"E 118 St & 3 Ave",40.799139,-73.9389152,31,TRUE,TRUE
503,"E 20 St & Park Ave",40.73827428,-73.98751968,31,TRUE,TRUE
539,"Metropolitan Ave & Bedford Ave",40.71534825,-73.96024116,31,TRUE,TRUE
239,"Willoughby St & Fleet St",40.69196566,-73.9813018,31,TRUE,TRUE
3137,"5 Ave & E 73 St",40.77282817,-73.96685276,31,TRUE,TRUE
3366,"West End Ave & W 107 St",40.8021174,-73.9681805305,31,TRUE,TRUE
3917,"Willoughby St & Ashland Pl",40.69178,-73.97877,31,TRUE,TRUE
3354,"3 St & Prospect Park West",40.668132,-73.97363831,31,TRUE,TRUE
3890,"Grove St & Broadway",40.69047,-73.923511,31,TRUE,TRUE
416,"Cumberland St & Lafayette Ave",40.68753406,-73.97265183,31,TRUE,TRUE
3570,"35 Ave & 37 St",40.7557327,-73.9236611,31,TRUE,TRUE
3131,"E 68 St & 3 Ave",40.76712840349542,-73.96224617958069,31,TRUE,TRUE
3158,"W 63 St & Broadway",40.77163851,-73.98261428,31,TRUE,TRUE
3159,"W 67 St & Broadway",40.77492513,-73.98266566,31,TRUE,TRUE
3325,"E 95 St & 3 Ave",40.7849032,-73.950503,31,TRUE,TRUE
3583,"Eastern Pkwy & Washington Ave",40.6716493,-73.9631145,31,TRUE,TRUE
3637,"Fulton St & Waverly Ave",40.683238654603414,-73.96599590778351,31,TRUE,TRUE
3516,"31 St & Astoria Blvd",40.7699176,-73.9184057,31,TRUE,TRUE
3789,"Fulton St & Irving Pl",40.68186,-73.959432,31,TRUE,TRUE
3791,"Hoboken Ave at Monmouth St",40.73520838045357,-74.04696375131607,32,TRUE,TRUE
440,"E 45 St & 3 Ave",40.75255434,-73.97282625,32,TRUE,TRUE
3314,"W 95 St & Broadway",40.7937704,-73.971888,32,TRUE,TRUE
3289,"W 90 St & Amsterdam Ave",40.79017948095081,-73.97288918495178,32,TRUE,TRUE
3866,"Wilson Ave & Moffat St",40.68906,-73.90506,32,TRUE,TRUE
3083,"Bushwick Ave & Powers St",40.71247661,-73.94100005,32,TRUE,TRUE
3848,"Suydam St & Broadway",40.69544,-73.93223,32,TRUE,TRUE
3236,"W 42 St & Dyer Ave",40.75898481399634,-73.99379968643188,33,TRUE,TRUE
3477,"39 St & 2 Ave",40.65539977447831,-74.01062786579132,33,TRUE,TRUE
252,"MacDougal St & Washington Sq",40.73226398,-73.99852205,33,TRUE,TRUE
79,"Franklin St & W Broadway",40.71911552,-74.00666661,33,TRUE,TRUE
304,"Broadway & Battery Pl",40.70463334,-74.01361706,33,TRUE,FALSE
366,"Clinton Ave & Myrtle Ave",40.693261,-73.968896,33,TRUE,TRUE
3363,"E 102 St & Park Ave",40.7904828,-73.95033068,33,TRUE,TRUE
3461,"Murray St & Greenwich St",40.714851505262516,-74.01122331619263,33,TRUE,TRUE
3505,"Lexington Ave & E 127 St",40.805726,-73.936322,33,TRUE,TRUE
151,"Cleveland Pl & Spring St",40.722103786686034,-73.99724900722504,33,TRUE,TRUE
3414,"Bergen St & Flatbush Ave",40.680944723477296,-73.97567331790923,33,TRUE,TRUE
3112,"Milton St & Franklin St",40.72906,-73.95779,33,TRUE,TRUE
223,"W 13 St & 7 Ave",40.73781509,-73.99994661,33,TRUE,TRUE
260,"Broad St & Bridge St",40.70365182,-74.01167797,33,TRUE,TRUE
2022,"E 60 St & York Ave",40.759107,-73.959223,33,TRUE,TRUE
3630,"Frederick Douglass Blvd & W 115 St",40.8038654,-73.9559308,33,TRUE,TRUE
3545,"Broadway & W 122 St",40.8120562,-73.9612547,33,TRUE,TRUE
319,"Fulton St & Broadway",40.711066,-74.009447,33,TRUE,TRUE
3418,"Plaza St West & Flatbush Ave",40.6750207,-73.97111473,33,TRUE,TRUE
3077,"Stagg St & Union Ave",40.70877084,-73.95095259,33,TRUE,TRUE
3425,"2 Ave & E 104 St",40.7892105,-73.94370784,33,TRUE,TRUE
3572,"34 Ave & 38 St",40.756913,-73.921631,33,TRUE,TRUE
3075,"Division Ave & Marcy Ave",40.70708701,-73.95796783,33,TRUE,TRUE
305,"E 58 St & 3 Ave",40.76095756,-73.96724467,33,TRUE,TRUE
3629,"Adam Clayton Powell Blvd & W 126 St",40.809495347779475,-73.94776493310928,33,TRUE,TRUE
394,"E 9 St & Avenue C",40.72521311,-73.97768752,34,TRUE,TRUE
487,"E 20 St & FDR Drive",40.73314259,-73.97573881,34,TRUE,TRUE
3533,"St. Nicholas Ave & W 126 St",40.8114323,-73.9518776,34,TRUE,TRUE
3126,"44 Dr & Jackson Ave",40.74718234,-73.9432635,34,TRUE,TRUE
483,"E 12 St & 3 Ave",40.73223272,-73.98889957,34,TRUE,TRUE
3518,"Lenox Ave & W 126 St",40.808442,-73.9452087,34,TRUE,TRUE
467,"Dean St & 4 Ave",40.68312489,-73.97895137,34,TRUE,TRUE
367,"E 53 St & Lexington Ave",40.75828065,-73.97069431,34,TRUE,FALSE
3362,"Madison Ave & E 82 St",40.7781314,-73.96069399,34,TRUE,TRUE
406,"Hicks St & Montague St",40.69512845,-73.99595065,34,TRUE,TRUE
3195,"Sip Ave",40.73089709786179,-74.06391263008118,34,TRUE,TRUE
493,"W 45 St & 6 Ave",40.7568001,-73.98291153,34,TRUE,TRUE
3540,"Morningside Ave & W 123 St",40.81,-73.9551508,35,TRUE,TRUE
325,"E 19 St & 3 Ave",40.73624527,-73.98473765,35,TRUE,TRUE
515,"W 43 St & 10 Ave",40.76009437,-73.99461843,35,TRUE,TRUE
2009,"Catherine St & Monroe St",40.71117444,-73.99682619,35,TRUE,TRUE
298,"3 Ave & Schermerhorn St",40.68683208,-73.9796772,35,TRUE,TRUE
3127,"9 St & 44 Rd",40.74966,-73.9521,35,TRUE,TRUE
3737,"Stanton St & Norfolk St",40.720747,-73.986274,35,TRUE,TRUE
265,"Stanton St & Chrystie St",40.72229346,-73.99147535,35,TRUE,TRUE
161,"LaGuardia Pl & W 3 St",40.72917025,-73.99810231,35,TRUE,TRUE
3379,"E 103 St & Lexington Ave",40.7903051,-73.94755757,35,TRUE,TRUE
454,"E 51 St & 1 Ave",40.75455731,-73.96592976,35,TRUE,TRUE
3116,"Huron St & Franklin St",40.73266,-73.95826,35,TRUE,TRUE
392,"Jay St & Tech Pl",40.695065,-73.987167,35,TRUE,TRUE
3409,"Bergen St & Smith St",40.6867443,-73.99063168,35,TRUE,TRUE
3593,"31 St & Broadway",40.761584,-73.925921,35,TRUE,TRUE
466,"W 25 St & 6 Ave",40.74395411,-73.99144871,26,TRUE,TRUE
3290,"E 89 St & York Ave",40.7779453,-73.946041,35,TRUE,TRUE
3170,"W 84 St & Columbus Ave",40.78499979,-73.97283406,35,TRUE,TRUE
388,"W 26 St & 10 Ave",40.749717753,-74.002950346,35,TRUE,TRUE
3357,"W 106 St & Amsterdam Ave",40.8008363,-73.9664492472,35,TRUE,TRUE
347,"Greenwich St & W Houston St",40.728846,-74.008591,35,TRUE,TRUE
3345,"Madison Ave & E 99 St",40.78948541553215,-73.95242929458618,35,TRUE,TRUE
3543,"Morningside Dr & Amsterdam Ave",40.81028506306003,-73.95736455917358,35,TRUE,TRUE
3375,"3 Ave & E 72 St",40.7699426,-73.96060712,35,TRUE,TRUE
3132,"E 59 St & Madison Ave",40.76350532,-73.97109243,35,TRUE,TRUE
3517,"31 St & Hoyt Ave N",40.7711528,-73.9170074,35,TRUE,TRUE
3721,"31 St & Newtown Ave",40.7675487799971,-73.9209334552288,35,TRUE,TRUE
3831,"Broadway & Hancock St",40.68663,-73.9168,35,TRUE,TRUE
456,"E 53 St & Madison Ave",40.7597108,-73.97402311,35,TRUE,TRUE
3654,"31 St & Northern Blvd",40.75186951421875,-73.93349289894103,35,TRUE,TRUE
3374,"Central Park North & Adam Clayton Powell Blvd",40.799484,-73.955613,36,TRUE,TRUE
336,"Sullivan St & Washington Sq",40.73047747,-73.99906065,36,TRUE,TRUE
3690,"Park Pl & Church St",40.71334184275907,-74.00935515761375,36,TRUE,TRUE
310,"State St & Smith St",40.68926942,-73.98912867,36,TRUE,TRUE
502,"Henry St & Grand St",40.714211,-73.981095,36,TRUE,TRUE
3076,"Scholes St & Manhattan Ave",40.70870368,-73.9448625,36,TRUE,TRUE
3521,"Lenox Ave & W 111 St",40.7987859,-73.9523,36,TRUE,TRUE
3507,"Park Ave & E 124 St",40.8045555,-73.9396861,36,TRUE,TRUE
499,"Broadway & W 60 St",40.76915505,-73.98191841,36,TRUE,TRUE
2012,"E 27 St & 1 Ave",40.739445,-73.976806,36,TRUE,TRUE
332,"Cherry St",40.71219906,-73.97948148,36,TRUE,TRUE
393,"E 5 St & Avenue C",40.72299208,-73.97995466,37,TRUE,TRUE
478,"11 Ave & W 41 St",40.76030096,-73.99884222,37,TRUE,TRUE
3739,"Perry St & Greenwich Ave",40.735918,-74.000939,37,TRUE,TRUE
3783,"Cliff St & Fulton St",40.70838,-74.00495,37,TRUE,TRUE
3671,"E 81 St & 2 Ave",40.774779448957275,-73.95427465438843,37,TRUE,TRUE
3553,"Frederick Douglass Blvd & W 112 St",40.801694,-73.957145,37,TRUE,TRUE
3156,"E 72 St & York Ave",40.76663814,-73.95348296,37,TRUE,TRUE
3463,"E 16 St & Irving Pl",40.735367055605394,-73.98797392845154,37,TRUE,TRUE
337,"Old Slip & Front St",40.7037992,-74.00838676,37,TRUE,TRUE
3790,"Henry St & Middagh St",40.7003,-73.991581,37,TRUE,TRUE
3785,"W 42 St & 6 Ave",40.75492,-73.98455,37,TRUE,TRUE
3727,"Frost St & Meeker Ave",40.71766197083994,-73.94880026578903,38,TRUE,TRUE
3735,"W 30 St & 10 Ave",40.752694,-74.002353,38,TRUE,TRUE
3282,"5 Ave & E 88 St",40.78307,-73.95939,38,TRUE,TRUE
3294,"E 91 St & Park Ave",40.7835016,-73.955327,38,TRUE,TRUE
3284,"E 88 St & Park Ave",40.781410700190015,-73.95595908164978,38,TRUE,TRUE
237,"E 11 St & 2 Ave",40.73047309,-73.98672378,39,TRUE,TRUE
327,"Vesey Pl & River Terrace",40.7153379,-74.01658354,39,TRUE,TRUE
259,"South St & Whitehall St",40.70122128,-74.01234218,39,TRUE,TRUE
3318,"2 Ave & E 96 St",40.7839636,-73.9471673,39,TRUE,TRUE
368,"Carmine St & 6 Ave",40.73038599,-74.00214988,39,TRUE,TRUE
518,"E 39 St & 2 Ave",40.74780373,-73.9734419,39,TRUE,TRUE
495,"W 47 St & 10 Ave",40.76269882,-73.99301222,39,TRUE,TRUE
3107,"Bedford Ave & Nassau Ave",40.72311651,-73.95212324,39,TRUE,TRUE
146,"Hudson St & Reade St",40.71625008,-74.0091059,39,TRUE,TRUE
3881,"12 Ave & W 125 St",40.818299,-73.960405,39,TRUE,TRUE
3534,"Frederick Douglass Blvd & W 117 St",40.805159,-73.954692,39,TRUE,TRUE
3169,"Riverside Dr & W 82 St",40.78720869,-73.98128127,39,TRUE,TRUE
3288,"E 88 St & 1 Ave",40.778301,-73.9488134,39,TRUE,TRUE
217,"Old Fulton St",40.70277159,-73.99383605,39,TRUE,TRUE
3372,"E 74 St & 1 Ave",40.7689738,-73.95482273,39,TRUE,TRUE
3541,"Amsterdam Ave & W 125 St",40.813358,-73.956461,39,TRUE,TRUE
3096,"Union Ave & N 12 St",40.71924,-73.95242,39,TRUE,TRUE
320,"Leonard St & Church St",40.717571,-74.005549,39,TRUE,TRUE
383,"Greenwich Ave & Charles St",40.735238,-74.000271,39,TRUE,TRUE
3173,"Riverside Blvd & W 67 St",40.777507027547976,-73.98888587951659,39,TRUE,TRUE
3350,"W 100 St & Broadway",40.7973721,-73.97041192,39,TRUE,TRUE
439,"E 4 St & 2 Ave",40.7262807,-73.98978041,39,TRUE,TRUE
3312,"1 Ave & E 94 St",40.7817212,-73.94594,39,TRUE,TRUE
2010,"Grand St & Greene St",40.72170005235607,-74.00238141417502,39,TRUE,TRUE
3160,"Central Park West & W 76 St",40.77896784,-73.97374737,39,TRUE,TRUE
257,"Lispenard St & Broadway",40.71939226,-74.00247214,39,TRUE,TRUE
3367,"5 Ave & E 103 St",40.7922553,-73.95249933,39,TRUE,TRUE
528,"2 Ave & E 31 St",40.74290902,-73.97706058,39,TRUE,TRUE
3429,"Hanson Pl & Ashland Pl",40.68506807308177,-73.97790759801863,39,TRUE,TRUE
330,"Reade St & Broadway",40.71450451,-74.00562789,39,TRUE,TRUE
323,"Lawrence St & Willoughby St",40.69236178,-73.98631746,39,TRUE,TRUE
3301,"Columbus Ave & W 95 St",40.7919557,-73.968087,39,TRUE,TRUE
351,"Front St & Maiden Ln",40.70530954,-74.00612572,39,TRUE,TRUE
387,"Centre St & Chambers St",40.71273266,-74.0046073,39,TRUE,TRUE
3171,"Amsterdam Ave & W 82 St",40.78524672,-73.97667321,39,TRUE,TRUE
3472,"W 15 St & 10 Ave",40.742753828659026,-74.00747358798981,39,TRUE,TRUE
531,"Forsyth St & Broome St",40.71893904,-73.99266288,39,TRUE,TRUE
3331,"Riverside Dr & W 104 St",40.8013434,-73.9711457439,39,TRUE,TRUE
3328,"W 100 St & Manhattan Ave",40.795,-73.9645,39,TRUE,TRUE
3724,"7 Ave & Central Park South",40.7667405590595,-73.9790689945221,39,TRUE,TRUE
465,"Broadway & W 41 St",40.75513557,-73.98658032,39,TRUE,TRUE
3623,"W 120 St & Claremont Ave",40.8109494,-73.9634,39,TRUE,TRUE
3914,"West End Ave & W 78 St",40.783786,-73.981687,39,TRUE,TRUE
3147,"E 85 St & 3 Ave",40.77801203,-73.95407149,39,TRUE,TRUE
3178,"Riverside Dr & W 78 St",40.78414472,-73.98362492,39,TRUE,TRUE
3231,"E 67 St & Park Ave",40.76780080148132,-73.96592080593109,39,TRUE,TRUE
3305,"E 91 St & 2 Ave",40.78112229934166,-73.94965589046478,39,TRUE,TRUE
360,"William St & Pine St",40.70717936,-74.00887308,39,TRUE,TRUE
3286,"E 89 St & 3 Ave",40.7806284,-73.9521667,39,TRUE,TRUE
3376,"E 65 St & 2 Ave",40.76471851944339,-73.96222069859505,39,TRUE,TRUE
3686,"Gansevoort St & Hudson St",40.739448201304036,-74.00507032871246,39,TRUE,TRUE
2017,"E 43 St & 2 Ave",40.75022392,-73.97121414,39,TRUE,TRUE
3437,"Riverside Dr & W 91 St",40.79313480986663,-73.97700369358063,39,TRUE,TRUE
3242,"Schermerhorn St & Court St",40.69102925677968,-73.99183362722397,39,TRUE,TRUE
3552,"W 113 St & Broadway",40.805973,-73.964928,39,TRUE,TRUE
402,"Broadway & E 22 St",40.7403432,-73.98955109,39,TRUE,FALSE
3233,"E 48 St & 5 Ave",40.75724567911726,-73.97805914282799,39,TRUE,TRUE
3246,"Montague St & Clinton St",40.694281141397326,-73.99230033159256,39,TRUE,TRUE
3818,"Calyer St & Jewel St",40.72984,-73.94839,40,TRUE,TRUE
526,"E 33 St & 5 Ave",40.74765947,-73.98490707,40,TRUE,TRUE
250,"Lafayette St & Jersey St",40.72456089,-73.99565293,40,TRUE,TRUE
485,"W 37 St & 5 Ave",40.75038009,-73.98338988,40,TRUE,TRUE
529,"W 42 St & 8 Ave",40.7575699,-73.99098507,41,TRUE,TRUE
3142,"1 Ave & E 62 St",40.7612274,-73.96094022,41,TRUE,TRUE
3815,"E 51 St & 2 Ave",40.755293,-73.967641,41,TRUE,TRUE
3359,"E 68 St & Madison Ave",40.7691572,-73.96703464,41,TRUE,TRUE
309,"Murray St & West St",40.7149787,-74.013012,41,TRUE,TRUE
3725,"2 Ave & E 72 St",40.7687620293096,-73.95840793848038,41,TRUE,TRUE
326,"E 11 St & 1 Ave",40.72953837,-73.98426726,41,TRUE,TRUE
3547,"Broadway & Moylan Pl",40.8143256,-73.9590255,41,TRUE,TRUE
3712,"W 35 St & Dyer Ave",40.754691750226016,-73.99740189313889,41,TRUE,TRUE
3736,"E 12 St & Ave C",40.727243,-73.976831,41,TRUE,TRUE
3135,"E 75 St & 3 Ave",40.77112927,-73.95772297,41,TRUE,TRUE
3166,"Riverside Dr & W 72 St",40.78057799010334,-73.98562431335449,41,TRUE,TRUE
3336,"E 97 St & Madison Ave",40.787801,-73.953559,41,TRUE,TRUE
486,"Broadway & W 29 St",40.7462009,-73.98855723,41,TRUE,TRUE
3341,"Central Park West & W 102 St",40.795346,-73.96186,41,TRUE,TRUE
520,"W 52 St & 5 Ave",40.75992262,-73.97648516,41,TRUE,TRUE
3443,"W 52 St & 6 Ave",40.76132983124814,-73.97982001304626,41,TRUE,TRUE
379,"W 31 St & 7 Ave",40.749156,-73.9916,42,TRUE,TRUE
3244,"University Pl & E 8 St",40.73143724085228,-73.99490341544151,42,TRUE,TRUE
380,"W 4 St & 7 Ave S",40.73401143,-74.00293877,42,TRUE,TRUE
3296,"E 93 St & 2 Ave",40.782454175279874,-73.9489196240902,42,TRUE,TRUE
401,"Allen St & Rivington St",40.72019576,-73.98997825,42,TRUE,TRUE
3118,"McGuinness Blvd & Eagle St",40.73555,-73.95284,42,TRUE,TRUE
415,"Pearl St & Hanover Square",40.7047177,-74.00926027,42,TRUE,TRUE
3068,"Humboldt St & Varet St",40.7031724,-73.940636,42,TRUE,TRUE
3584,"Eastern Pkwy & Franklin Ave",40.6707767,-73.9576801,42,TRUE,TRUE
3074,"Montrose Ave & Bushwick Ave",40.70767788,-73.94016171,42,TRUE,TRUE
3152,"3 Ave & E 71 St",40.76873687,-73.96119945,42,TRUE,TRUE
3186,"Grove St PATH",40.71958611647166,-74.04311746358871,42,TRUE,TRUE
3478,"2 Ave & 36 St",40.65708866668485,-74.00870203971863,43,TRUE,TRUE
3697,"W 64 St & Thelonious Monk Circle",40.77515953434235,-73.98918695747852,43,TRUE,TRUE
361,"Allen St & Hester St",40.71605866,-73.99190759,43,TRUE,TRUE
2021,"W 45 St & 8 Ave",40.75929124,-73.98859651,43,TRUE,TRUE
376,"John St & William St",40.70862144,-74.00722156,43,TRUE,TRUE
386,"Centre St & Worth St",40.71494807,-74.00234482,43,TRUE,TRUE
284,"Greenwich Ave & 8 Ave",40.7390169121,-74.0026376103,43,TRUE,TRUE
3151,"E 81 St & York Ave",40.7728384,-73.94989233,43,TRUE,TRUE
3163,"Central Park West & W 68 St",40.7734066,-73.97782542,43,TRUE,TRUE
532,"S 5 Pl & S 5 St",40.710451,-73.960876,43,TRUE,TRUE
3285,"W 87 St & Amsterdam Ave",40.78839,-73.9747,43,TRUE,TRUE
316,"Fulton St & William St",40.70955958,-74.00653609,43,TRUE,TRUE
355,"Bayard St & Baxter St",40.71602118,-73.99974372,43,TRUE,TRUE
3452,"Bayard St & Leonard St",40.71915571696044,-73.94885390996933,43,TRUE,TRUE
3440,"Fulton St & Adams St",40.692418292578466,-73.98949474096298,43,TRUE,TRUE
3536,"W 116 St & Broadway",40.8082,-73.9641,43,TRUE,TRUE
3292,"5 Ave & E 93 St",40.7857851,-73.957481,43,TRUE,TRUE
3139,"E 72 St & Park Ave",40.77118287540658,-73.96409422159195,43,TRUE,TRUE
3539,"W 116 St & Amsterdam Ave",40.8067581,-73.9607082,43,TRUE,TRUE
3260,"Mercer St & Bleecker St",40.72706363348306,-73.99662137031554,45,TRUE,TRUE
410,"Suffolk St & Stanton St",40.72066442,-73.98517977,45,TRUE,TRUE
3916,"Pearl St & Peck Slip",40.708485,-74.002751,45,TRUE,TRUE
507,"E 25 St & 2 Ave",40.73912601,-73.97973776,45,TRUE,TRUE
3119,"Vernon Blvd & 50 Ave",40.74232744,-73.95411749,45,TRUE,TRUE
3226,"W 82 St & Central Park West",40.78275,-73.97137,45,TRUE,TRUE
195,"Liberty St & Broadway",40.70905623,-74.01043382,45,TRUE,TRUE
3145,"E 84 St & Park Ave",40.77862688,-73.95772073,45,TRUE,TRUE
3435,"Grand St & Elizabeth St",40.718822,-73.99596,45,TRUE,TRUE
167,"E 39 St & 3 Ave",40.7489006,-73.97604882,45,TRUE,TRUE
546,"E 30 St & Park Ave S",40.74444921,-73.98303529,45,TRUE,TRUE
3538,"W 110 St & Amsterdam Ave",40.802692,-73.96295,45,TRUE,TRUE
3733,"Avenue C & E 18 St",40.730563,-73.973984,46,TRUE,TRUE
242,"Carlton Ave & Flushing Ave",40.697787,-73.973736,46,TRUE,TRUE
3718,"E 11 St & Avenue B",40.72746420692392,-73.97950418293476,46,TRUE,TRUE
3656,"E 2 St & Avenue A",40.72307749068673,-73.98583620786667,46,TRUE,TRUE
3144,"E 81 St & Park Ave",40.77677702,-73.9590097,46,TRUE,TRUE
533,"Broadway & W 38 St",40.75299641,-73.98721619,46,TRUE,TRUE
484,"W 44 St & 5 Ave",40.75500254,-73.98014437,46,TRUE,TRUE
3457,"E 58 St & Madison Ave",40.76302594280519,-73.97209525108337,46,TRUE,TRUE
540,"Lexington Ave & E 29 St",40.74311555376486,-73.98215353488922,46,TRUE,TRUE
3731,"W 47 St & 6 Ave",40.758397,-73.98255,46,TRUE,TRUE
438,"St Marks Pl & 1 Ave",40.72779126,-73.98564945,47,TRUE,TRUE
462,"W 22 St & 10 Ave",40.74691959,-74.00451887,47,TRUE,TRUE
427,"Bus Slip & State St",40.701907,-74.013942,47,TRUE,TRUE
3136,"5 Ave & E 63 St",40.766368,-73.971518,47,TRUE,TRUE
236,"St Marks Pl & 2 Ave",40.7284186,-73.98713956,47,TRUE,TRUE
476,"E 31 St & 3 Ave",40.74394314,-73.97966069,47,TRUE,TRUE
3711,"E 13 St & Avenue A",40.72966729392978,-73.98067966103554,47,TRUE,TRUE
3283,"W 89 St & Columbus Ave",40.7882213,-73.97041561,47,TRUE,TRUE
164,"E 47 St & 2 Ave",40.75323098,-73.97032517,47,TRUE,TRUE
3146,"E 81 St & 3 Ave",40.77573034,-73.9567526,47,TRUE,TRUE
168,"W 18 St & 6 Ave",40.73971301,-73.99456405,47,TRUE,TRUE
3287,"W 87 St & West End Ave",40.789622,-73.97757,47,TRUE,TRUE
3689,"W 104 St & Amsterdam Ave",40.799041392882984,-73.96649479866028,47,TRUE,TRUE
3150,"E 85 St & York Ave",40.77536905,-73.94803392,47,TRUE,TRUE
496,"E 16 St & 5 Ave",40.73726186,-73.99238967,47,TRUE,TRUE
377,"6 Ave & Canal St",40.72243797,-74.00566443,47,TRUE,TRUE
446,"W 24 St & 7 Ave",40.74487634,-73.99529885,47,TRUE,TRUE
3143,"5 Ave & E 78 St",40.77632142182271,-73.96427392959595,47,TRUE,TRUE
363,"West Thames St",40.70834698,-74.01713445,49,TRUE,TRUE
489,"10 Ave & W 28 St",40.75066386,-74.00176802,49,TRUE,TRUE
3812,"University Pl & E 14 St",40.734814,-73.992085,49,TRUE,TRUE
3786,"Division St & Bowery",40.714193,-73.996732,49,TRUE,TRUE
3320,"Central Park West & W 100 St",40.79406660818552,-73.96286845207214,49,TRUE,TRUE
459,"W 20 St & 11 Ave",40.746745,-74.007756,49,TRUE,TRUE
2006,"Central Park S & 6 Ave",40.76590936,-73.97634151,49,TRUE,TRUE
358,"Christopher St & Greenwich St",40.73291553,-74.00711384,50,TRUE,TRUE
473,"Rivington St & Chrystie St",40.72110063,-73.9919254,50,TRUE,TRUE
116,"W 17 St & 8 Ave",40.74177603,-74.00149746,50,TRUE,TRUE
3734,"E 58 St &  1 Ave (NW Corner)",40.759125,-73.962658,50,TRUE,TRUE
3115,"India St & Manhattan Ave",40.73232194,-73.9550858,50,TRUE,TRUE
435,"W 21 St & 6 Ave",40.74173969,-73.99415556,50,TRUE,TRUE
523,"W 38 St & 8 Ave",40.75466591,-73.99138152,51,TRUE,TRUE
3744,"1 Ave & E 5 St",40.725864,-73.986389,51,TRUE,TRUE
324,"DeKalb Ave & Hudson Ave",40.689888,-73.981013,51,TRUE,TRUE
3165,"Central Park West & W 72 St",40.77579376683666,-73.9762057363987,51,TRUE,TRUE
405,"Washington St & Gansevoort St",40.739323,-74.008119,51,TRUE,TRUE
3709,"W 15 St & 6 Ave",40.738046142482766,-73.99642959237099,51,TRUE,TRUE
3108,"Nassau Ave & Russell St",40.72557,-73.94434,51,TRUE,TRUE
3134,"3 Ave & E 62 St",40.76312584,-73.96526895,51,TRUE,TRUE
3100,"Nassau Ave & Newell St",40.724812564400175,-73.94752621650696,51,TRUE,TRUE
442,"W 27 St & 7 Ave",40.746647,-73.993915,51,TRUE,TRUE
522,"E 51 St & Lexington Ave",40.75714758,-73.97207836,51,TRUE,TRUE
491,"E 24 St & Park Ave S",40.74096374,-73.98602213,51,TRUE,TRUE
317,"E 6 St & Avenue B",40.72453734,-73.98185424,54,TRUE,TRUE
504,"1 Ave & E 16 St",40.73221853,-73.98165557,54,TRUE,TRUE
3016,"Kent Ave & N 7 St",40.72036775298455,-73.96165072917938,54,TRUE,TRUE
2003,"1 Ave & E 18 St",40.733812191966315,-73.98054420948029,54,TRUE,TRUE
3641,"Broadway & W 25 St",40.74286877312112,-73.98918628692627,54,TRUE,TRUE
150,"E 2 St & Avenue C",40.7208736,-73.98085795,54,TRUE,TRUE
72,"W 52 St & 11 Ave",40.76727216,-73.99392888,55,TRUE,TRUE
3140,"1 Ave & E 78 St",40.77140426,-73.9535166,55,TRUE,TRUE
247,"Perry St & Bleecker St",40.73535398,-74.00483091,55,TRUE,TRUE
293,"Lafayette St & E 8 St",40.73020660529954,-73.99102628231049,55,TRUE,TRUE
228,"E 48 St & 3 Ave",40.7546011026,-73.971878855,55,TRUE,TRUE
3167,"Amsterdam Ave & W 73 St",40.77966809007312,-73.98093044757842,55,TRUE,TRUE
3707,"Lexington Ave & E 26 St",40.741459,-73.983293,55,TRUE,TRUE
3798,"W 40 St & 5 Ave",40.752269,-73.982079,55,TRUE,TRUE
472,"E 32 St & Park Ave",40.7457121,-73.98194829,55,TRUE,TRUE
3680,"E 43 St & 5 Ave",40.754120810779256,-73.98025184869766,55,TRUE,TRUE
3687,"E 33 St & 1 Ave",40.74322681432173,-73.97449783980846,59,TRUE,TRUE
280,"E 10 St & 5 Ave",40.73331967,-73.99510132,59,TRUE,TRUE
254,"W 11 St & 6 Ave",40.73532427,-73.99800419,59,TRUE,TRUE
3323,"W 106 St & Central Park West",40.7981856,-73.9605909006,59,TRUE,TRUE
3263,"Cooper Square & Astor Pl",40.72951496224949,-73.99075269699097,59,TRUE,TRUE
3295,"Central Park W & W 96 St",40.79127,-73.964839,59,TRUE,TRUE
3161,"W 76 St & Columbus Ave",40.7801839724239,-73.97728532552719,59,TRUE,TRUE
455,"1 Ave & E 44 St",40.75001986,-73.96905301,59,TRUE,TRUE
3141,"1 Ave & E 68 St",40.76500525,-73.95818491,59,TRUE,TRUE
490,"8 Ave & W 33 St",40.751551,-73.993934,66,TRUE,TRUE
497,"E 17 St & Broadway",40.73704984,-73.99009296,66,TRUE,TRUE
494,"W 26 St & 8 Ave",40.74734825,-73.99723551,66,TRUE,TRUE
281,"Grand Army Plaza & Central Park S",40.7643971,-73.97371465,66,TRUE,TRUE
453,"W 22 St & 8 Ave",40.74475148,-73.99915362,66,TRUE,TRUE
303,"Mercer St & Spring St",40.72362738,-73.99949601,67,TRUE,TRUE
450,"W 49 St & 8 Ave",40.76227205,-73.98788205,67,TRUE,TRUE
3164,"Columbus Ave & W 72 St",40.7770575,-73.97898475,67,TRUE,TRUE
3799,"6 Ave & W 34 St",40.74964,-73.98805,67,TRUE,TRUE
